CAACTAGCACTCTCCAAGGGT	Left primer is unacceptable: High 3' stability
TAGCACTCTCCAAGGGTGTTC	GCAAAGCCAAAGCCTCATTA
AACTAGCACTCTCCAAGGGTG	Left primer is unacceptable: High end self complementarity/High 3' stability
CAACTAGCACTCTCCAAGGGT	Left primer is unacceptable: High 3' stability
CGATACAAGCCTCACTCCCTT	Left primer is unacceptable: High 3' stability
TAGCACTCTCCAAGGGTGTTC	GCAAAGCCAAAGCCTCATTA
AGATGGCAACTAGCACTCTCC	GCAAAGCCAAAGCCTCATTA
CGCTACTGCAACGATACCGAT	Left primer is unacceptable: High end self complementarity/High 3' stability
CGATACCGATACAAGCCTCAC	AGAGAAAAGGGGCTTCAAGG
TAGCACTCTCCAAGGGTGTTC	GCAAAGCCAAAGCCTCATTA
CACACCTTTTGCTCGTTGCTG	Left primer is unacceptable: Tm too high
GGCGTTGCACTTCTTGCTGTT	Left primer is unacceptable: Tm too high
ACCTTTTGCTCGTTGCTGCTG	Left primer is unacceptable: Tm too high
TAGCACTCTCCAAGGGTGTTC	GCAAAGCCAAAGCCTCATTA
CACACCTTTTGCTCGTTGCTG	Left primer is unacceptable: Tm too high
ACACCTTTTGCTCGTTGCTGC	Left primer is unacceptable: Tm too high/High 3' stability
TTCGCGCTACTGCAACGATAC	Left primer is unacceptable: Tm too high
GTTCGCGCTACTGCAACGATA	Left primer is unacceptable: Tm too high
CGATACCGATACAAGCCTCAC	AGAGAAAAGGGGCTTCAAGG
CTAGCACTCTCCAAGGGTGTT	Left primer is unacceptable: High end self complementarity
